model,seed,dataset,mDice,mIoU,HD95,BIoU
full,42,CVC-300,0.860620,0.786538,25.542272,0.530202
full,42,CVC-ClinicDB,0.904897,0.855564,18.022454,0.651297
full,42,CVC-ColonDB,0.790732,0.709834,54.808791,0.465022
full,42,ETIS-LaribPolypDB,0.790634,0.702718,142.246108,0.494285
full,42,Kvasir,0.915447,0.860770,42.698702,0.599766
full,43,CVC-300,0.875382,0.811331,27.588924,0.575571
full,43,CVC-ClinicDB,0.924679,0.873987,10.545849,0.664960
full,43,CVC-ColonDB,0.805589,0.723047,53.934776,0.480464
full,43,ETIS-LaribPolypDB,0.811393,0.730013,121.440148,0.532034
full,43,Kvasir,0.922421,0.869159,40.121021,0.601744
full,44,CVC-300,0.857280,0.789238,27.090672,0.547412
full,44,CVC-ClinicDB,0.925167,0.876355,12.485568,0.666069
full,44,CVC-ColonDB,0.796193,0.713808,56.889500,0.465483
full,44,ETIS-LaribPolypDB,0.791751,0.708261,127.372335,0.500217
full,44,Kvasir,0.912663,0.857994,43.581186,0.593837
learned_conv,42,CVC-300,0.855237,0.783332,26.260785,0.554787
learned_conv,42,CVC-ClinicDB,0.932649,0.885212,7.267475,0.674248
learned_conv,42,CVC-ColonDB,0.790130,0.707906,52.927759,0.466614
learned_conv,42,ETIS-LaribPolypDB,0.801034,0.719343,128.281971,0.516091
learned_conv,42,Kvasir,0.918757,0.866992,34.433876,0.611048
learned_conv,43,CVC-300,0.874518,0.804177,23.397713,0.557257
learned_conv,43,CVC-ClinicDB,0.927733,0.877907,14.164104,0.667066
learned_conv,43,CVC-ColonDB,0.800596,0.719208,52.874797,0.475251
learned_conv,43,ETIS-LaribPolypDB,0.805517,0.721729,139.180282,0.515855
learned_conv,43,Kvasir,0.920585,0.868988,37.461042,0.617576
learned_conv,44,CVC-300,0.885356,0.820744,17.040565,0.591617
learned_conv,44,CVC-ClinicDB,0.906252,0.859844,13.840893,0.647645
learned_conv,44,CVC-ColonDB,0.798173,0.716368,58.767445,0.472008
learned_conv,44,ETIS-LaribPolypDB,0.774375,0.692777,148.885705,0.498829
learned_conv,44,Kvasir,0.910551,0.857001,41.235294,0.599522
random_filter,42,CVC-300,0.879694,0.805533,30.585743,0.556642
random_filter,42,CVC-ClinicDB,0.926218,0.876291,9.065505,0.665759
random_filter,42,CVC-ColonDB,0.809379,0.727259,53.332694,0.482208
random_filter,42,ETIS-LaribPolypDB,0.821346,0.743873,100.937205,0.550831
random_filter,42,Kvasir,0.917071,0.861929,40.441332,0.605367
random_filter,43,CVC-300,0.872663,0.804198,18.633257,0.553735
random_filter,43,CVC-ClinicDB,0.918109,0.869053,12.036493,0.663156
random_filter,43,CVC-ColonDB,0.806906,0.725008,49.247138,0.479545
random_filter,43,ETIS-LaribPolypDB,0.799708,0.715881,138.466173,0.510726
random_filter,43,Kvasir,0.919898,0.865267,40.996609,0.604173
random_filter,44,CVC-300,0.860712,0.789186,28.406690,0.555552
random_filter,44,CVC-ClinicDB,0.931415,0.885111,6.613388,0.679830
random_filter,44,CVC-ColonDB,0.790180,0.709394,58.434622,0.470300
random_filter,44,ETIS-LaribPolypDB,0.782751,0.698606,144.401542,0.498948
random_filter,44,Kvasir,0.925839,0.875184,36.087218,0.612598
no_decomp,42,CVC-300,0.850004,0.774920,34.585430,0.531465
no_decomp,42,CVC-ClinicDB,0.924437,0.874125,14.258342,0.662893
no_decomp,42,CVC-ColonDB,0.789001,0.706734,62.252238,0.460033
no_decomp,42,ETIS-LaribPolypDB,0.789201,0.705420,132.841870,0.501304
no_decomp,42,Kvasir,0.904406,0.849541,47.701609,0.592740
no_decomp,43,CVC-300,0.894122,0.829145,13.611820,0.599539
no_decomp,43,CVC-ClinicDB,0.915722,0.868207,12.391943,0.663094
no_decomp,43,CVC-ColonDB,0.800155,0.717227,53.511251,0.480073
no_decomp,43,ETIS-LaribPolypDB,0.789233,0.707407,137.226307,0.509711
no_decomp,43,Kvasir,0.914642,0.861914,42.144435,0.610631
no_decomp,44,CVC-300,0.874535,0.805700,24.985547,0.566356
no_decomp,44,CVC-ClinicDB,0.911829,0.866096,12.568807,0.665283
no_decomp,44,CVC-ColonDB,0.798688,0.714332,56.577128,0.469525
no_decomp,44,ETIS-LaribPolypDB,0.793725,0.709638,144.463303,0.507869
no_decomp,44,Kvasir,0.918717,0.865240,39.712612,0.604332
no_aux,42,CVC-300,0.881424,0.808836,22.875901,0.563170
no_aux,42,CVC-ClinicDB,0.916271,0.869482,12.685945,0.665366
no_aux,42,CVC-ColonDB,0.808471,0.727576,51.773503,0.481140
no_aux,42,ETIS-LaribPolypDB,0.801009,0.716559,140.347667,0.509463
no_aux,42,Kvasir,0.922753,0.870980,38.001250,0.609193
no_aux,43,CVC-300,0.878115,0.809140,24.475026,0.561297
no_aux,43,CVC-ClinicDB,0.919957,0.870119,12.087333,0.661740
no_aux,43,CVC-ColonDB,0.783463,0.700197,60.901010,0.455609
no_aux,43,ETIS-LaribPolypDB,0.807991,0.723719,118.448373,0.512982
no_aux,43,Kvasir,0.919640,0.867263,40.425048,0.609054
no_aux,44,CVC-300,0.892196,0.824146,15.475387,0.581896
no_aux,44,CVC-ClinicDB,0.924540,0.874155,12.710294,0.664318
no_aux,44,CVC-ColonDB,0.801322,0.717537,56.118904,0.470373
no_aux,44,ETIS-LaribPolypDB,0.812998,0.730558,126.644383,0.530834
no_aux,44,Kvasir,0.919941,0.867400,39.592943,0.605740
no_eag,42,CVC-300,0.875821,0.799800,22.920351,0.548930
no_eag,42,CVC-ClinicDB,0.929314,0.880035,11.273843,0.673663
no_eag,42,CVC-ColonDB,0.802577,0.717187,53.084498,0.470753
no_eag,42,ETIS-LaribPolypDB,0.793033,0.705520,112.377856,0.496435
no_eag,42,Kvasir,0.918125,0.864398,41.125210,0.609040
no_eag,43,CVC-300,0.863111,0.790159,37.245572,0.542163
no_eag,43,CVC-ClinicDB,0.914494,0.864933,15.202965,0.662567
no_eag,43,CVC-ColonDB,0.797701,0.712909,59.763181,0.469566
no_eag,43,ETIS-LaribPolypDB,0.777594,0.692754,178.760089,0.500946
no_eag,43,Kvasir,0.914129,0.860641,44.854012,0.604802
no_eag,44,CVC-300,0.883447,0.805162,34.437144,0.531716
no_eag,44,CVC-ClinicDB,0.916996,0.869740,10.573281,0.658272
no_eag,44,CVC-ColonDB,0.795819,0.711876,56.785913,0.457374
no_eag,44,ETIS-LaribPolypDB,0.812998,0.730558,155.256214,0.471072
no_eag,44,Kvasir,0.922843,0.871995,39.816540,0.616860
no_csmm,42,CVC-300,0.873889,0.803324,34.964370,0.561299
no_csmm,42,CVC-ClinicDB,0.919313,0.872345,10.125004,0.666425
no_csmm,42,CVC-ColonDB,0.806123,0.726035,53.627887,0.489581
no_csmm,42,ETIS-LaribPolypDB,0.801704,0.722554,114.040143,0.533684
no_csmm,42,Kvasir,0.918283,0.864994,39.725939,0.605992
no_csmm,43,CVC-300,0.873651,0.806137,25.863726,0.557890
no_csmm,43,CVC-ClinicDB,0.914775,0.866797,13.234689,0.658457
no_csmm,43,CVC-ColonDB,0.791675,0.709204,58.161535,0.467524
no_csmm,43,ETIS-LaribPolypDB,0.793592,0.706314,126.825485,0.502481
no_csmm,43,Kvasir,0.926924,0.875852,35.298915,0.613433
no_csmm,44,CVC-300,0.867840,0.796118,26.368394,0.544961
no_csmm,44,CVC-ClinicDB,0.919422,0.871680,12.080903,0.662199
no_csmm,44,CVC-ColonDB,0.804258,0.721831,55.033648,0.471501
no_csmm,44,ETIS-LaribPolypDB,0.803330,0.718112,130.131185,0.515044
no_csmm,44,Kvasir,0.917212,0.863508,40.254562,0.607109
no_dbtd,42,CVC-300,0.875777,0.807155,26.399502,0.560902
no_dbtd,42,CVC-ClinicDB,0.928606,0.882147,9.629931,0.678013
no_dbtd,42,CVC-ColonDB,0.804454,0.724062,58.340882,0.475747
no_dbtd,42,ETIS-LaribPolypDB,0.785787,0.698480,148.202986,0.498216
no_dbtd,42,Kvasir,0.918870,0.867594,37.901836,0.612256
no_dbtd,43,CVC-300,0.864898,0.790734,36.391077,0.545866
no_dbtd,43,CVC-ClinicDB,0.922360,0.873521,14.533591,0.671222
no_dbtd,43,CVC-ColonDB,0.795852,0.712373,54.520482,0.469068
no_dbtd,43,ETIS-LaribPolypDB,0.791875,0.706155,157.037157,0.507145
no_dbtd,43,Kvasir,0.921806,0.872685,37.408221,0.622671
no_dbtd,44,CVC-300,0.884263,0.822724,24.671562,0.594187
no_dbtd,44,CVC-ClinicDB,0.916501,0.868904,15.974816,0.667718
no_dbtd,44,CVC-ColonDB,0.797424,0.714427,64.441021,0.480020
no_dbtd,44,ETIS-LaribPolypDB,0.803535,0.722651,157.810494,0.532117
no_dbtd,44,Kvasir,0.924173,0.873423,39.429072,0.626235
unet,42,CVC-300,0.737729,0.631485,95.445426,0.316272
unet,42,CVC-ClinicDB,0.821020,0.725500,59.115696,0.409873
unet,42,CVC-ColonDB,0.622322,0.515761,152.249539,0.262001
unet,42,ETIS-LaribPolypDB,0.433903,0.345309,414.704856,0.197288
unet,42,Kvasir,0.773541,0.680414,120.581552,0.366161
unet,43,CVC-300,0.769345,0.659433,68.530374,0.347987
unet,43,CVC-ClinicDB,0.828820,0.740640,41.924938,0.444612
unet,43,CVC-ColonDB,0.645483,0.539923,144.085042,0.284220
unet,43,ETIS-LaribPolypDB,0.437052,0.347028,441.124824,0.194717
unet,43,Kvasir,0.768051,0.680689,123.040099,0.380548
unet,44,CVC-300,0.648622,0.516490,144.770466,0.207109
unet,44,CVC-ClinicDB,0.750948,0.641558,71.713125,0.337608
unet,44,CVC-ColonDB,0.570127,0.451797,182.421503,0.195271
unet,44,ETIS-LaribPolypDB,0.348926,0.256995,539.756029,0.113410
unet,44,Kvasir,0.748193,0.647011,144.892618,0.329214
unetpp,42,CVC-300,0.662157,0.550780,113.592308,0.328933
unetpp,42,CVC-ClinicDB,0.826119,0.751977,40.881654,0.514265
unetpp,42,CVC-ColonDB,0.568416,0.455256,148.379464,0.266927
unetpp,42,ETIS-LaribPolypDB,0.381298,0.298406,424.253943,0.191347
unetpp,42,Kvasir,0.775330,0.677317,113.307669,0.365733
unetpp,43,CVC-300,0.587336,0.481092,114.356361,0.323337
unetpp,43,CVC-ClinicDB,0.796827,0.718178,36.529552,0.484775
unetpp,43,CVC-ColonDB,0.500884,0.399913,150.348658,0.250925
unetpp,43,ETIS-LaribPolypDB,0.394717,0.310836,370.262231,0.222099
unetpp,43,Kvasir,0.768885,0.669442,105.058271,0.362878
unetpp,44,CVC-300,0.606273,0.503014,113.873620,0.313795
unetpp,44,CVC-ClinicDB,0.838356,0.761217,35.173246,0.521019
unetpp,44,CVC-ColonDB,0.512489,0.406263,155.267026,0.246711
unetpp,44,ETIS-LaribPolypDB,0.405292,0.317990,366.328571,0.219420
unetpp,44,Kvasir,0.772611,0.675959,97.901959,0.362737
pranet,42,CVC-300,0.910774,0.845594,13.670976,0.612108
pranet,42,CVC-ClinicDB,0.933780,0.882816,8.043369,0.677238
pranet,42,CVC-ColonDB,0.704667,0.636224,81.356315,0.421895
pranet,42,ETIS-LaribPolypDB,0.650200,0.580779,197.767135,0.406198
pranet,42,Kvasir,0.895558,0.840798,49.077046,0.581330
pranet,43,CVC-300,0.883509,0.815971,30.925799,0.580975
pranet,43,CVC-ClinicDB,0.917155,0.872713,11.831041,0.679011
pranet,43,CVC-ColonDB,0.716898,0.648730,72.771364,0.433353
pranet,43,ETIS-LaribPolypDB,0.679378,0.606085,173.391959,0.429825
pranet,43,Kvasir,0.891905,0.836208,43.177670,0.570689
pranet,44,CVC-300,0.898792,0.827404,13.054771,0.564379
pranet,44,CVC-ClinicDB,0.913274,0.866655,12.729298,0.659494
pranet,44,CVC-ColonDB,0.726085,0.653257,67.095507,0.427240
pranet,44,ETIS-LaribPolypDB,0.636321,0.569505,209.929244,0.399859
pranet,44,Kvasir,0.913754,0.855905,37.722153,0.580004
sanet,42,CVC-300,0.868862,0.798918,34.237023,0.557716
sanet,42,CVC-ClinicDB,0.905662,0.855705,12.233511,0.642447
sanet,42,CVC-ColonDB,0.751159,0.679893,61.462050,0.453837
sanet,42,ETIS-LaribPolypDB,0.758897,0.673572,135.314820,0.485557
sanet,42,Kvasir,0.914757,0.859068,37.264057,0.592473
sanet,43,CVC-300,0.900936,0.832628,21.606105,0.584526
sanet,43,CVC-ClinicDB,0.912137,0.861781,10.350285,0.647410
sanet,43,CVC-ColonDB,0.762837,0.684952,60.632949,0.457002
sanet,43,ETIS-LaribPolypDB,0.803199,0.716011,126.854556,0.517085
sanet,43,Kvasir,0.911343,0.855727,47.334699,0.595110
sanet,44,CVC-300,0.875066,0.805526,26.988317,0.560138
sanet,44,CVC-ClinicDB,0.920709,0.870005,8.061319,0.648513
sanet,44,CVC-ColonDB,0.756669,0.681388,62.920987,0.453957
sanet,44,ETIS-LaribPolypDB,0.771661,0.688974,143.792162,0.510992
sanet,44,Kvasir,0.898105,0.840712,47.584324,0.577887
polyppvt,42,CVC-300,0.863785,0.786766,34.552343,0.558682
polyppvt,42,CVC-ClinicDB,0.917555,0.869769,11.624097,0.676366
polyppvt,42,CVC-ColonDB,0.801350,0.714658,61.745849,0.471066
polyppvt,42,ETIS-LaribPolypDB,0.736851,0.654812,209.509682,0.480687
polyppvt,42,Kvasir,0.897433,0.843660,43.272219,0.586356
polyppvt,43,CVC-300,0.896345,0.825135,27.713833,0.585940
polyppvt,43,CVC-ClinicDB,0.930020,0.880882,8.551814,0.687376
polyppvt,43,CVC-ColonDB,0.789033,0.706665,60.836266,0.469168
polyppvt,43,ETIS-LaribPolypDB,0.757493,0.677494,169.365752,0.503941
polyppvt,43,Kvasir,0.919695,0.866928,38.719667,0.609208
polyppvt,44,CVC-300,0.904619,0.838491,21.120482,0.612556
polyppvt,44,CVC-ClinicDB,0.924214,0.874711,9.810368,0.675809
polyppvt,44,CVC-ColonDB,0.802291,0.719306,54.360128,0.490010
polyppvt,44,ETIS-LaribPolypDB,0.755418,0.685773,127.061849,0.520893
polyppvt,44,Kvasir,0.901288,0.848710,45.617386,0.599713
